<?xml version="1.0" encoding="UTF-8" ?>
<!DOCTYPE configuration PUBLIC "-//mybatis.org//DTD Config 3.0//EN"
	"http://mybatis.org/dtd/mybatis-3-config.dtd">
<configuration>
	<properties resource="config/dbconn.properties"/> 

	<settings>
		<setting name="jdbcTypeForNull" value="NULL"/>
		<setting name="mapUnderscoreToCamelCase" value="true"/>
	</settings>
	
 	<typeAliases>
 		<package name="spring.service.domain"/>
 	</typeAliases>
 	
	<environments default="development">
 		<environment id="development">
 			<transactionManager type="JDBC"/>
 			<dataSource type="UNPOOLED">
 				<property name="driver" value="${jdbc.oracle.driver}"/>
 				<property name="url" value="${jdbc.oracle.url}"/>
 				<property name="username" value="${jdbc.oracle.username}"/>
 				<property name="password" value="${jdbc.oracle.password}"/> 			
 			</dataSource>
 		</environment>
 	</environments> 
 	
 	<mappers>
  		<mapper resource="mapper/mybatis-memberservice-mapping.xml"/>
 	</mappers>
</configuration>















